<?xml version="1.0" encoding="UTF-8"?>
<project-private xmlns="http://www.netbeans.org/ns/project-private/1">
    <editor-bookmarks xmlns="http://www.netbeans.org/ns/editor-bookmarks/2" lastBookmarkId="0"/>
    <open-files xmlns="http://www.netbeans.org/ns/projectui-open-files/2">
        <group>
            <file>file:/C:/Users/Shameen%20Shahid/Desktop/OOP_PROJECT/src/oop_project/updatepassword.java</file>
            <file>file:/C:/Users/Shameen%20Shahid/Desktop/OOP_PROJECT/src/oop_project/updatecontact.java</file>
            <file>file:/C:/Users/Shameen%20Shahid/Desktop/OOP_PROJECT/src/oop_project/updateaddress.java</file>
            <file>file:/C:/Users/Shameen%20Shahid/Desktop/OOP_PROJECT/src/oop_project/SIGN_IN.java</file>
            <file>file:/C:/Users/Shameen%20Shahid/Desktop/OOP_PROJECT/src/oop_project/WELCOME_PAGE.java</file>
            <file>file:/C:/Users/Shameen%20Shahid/Desktop/OOP_PROJECT/src/oop_project/OOP_PROJECT.java</file>
        </group>
    </open-files>
</project-private>
